kicker_player_id,distance_band,is_made_sum,is_made_count,fg_percentage
00-0016919,<30,6,7,85.7
00-0016919,30-39,6,6,100.0
00-0016919,40-49,3,7,42.9
00-0016919,50-59,2,5,40.0
00-0016919,60+,0,0,
00-0020578,<30,1,1,100.0
00-0020578,30-39,3,4,75.0
00-0020578,40-49,3,3,100.0
00-0020578,50-59,2,6,33.3
00-0020578,60+,0,0,
00-0023252,<30,36,37,97.3
00-0023252,30-39,28,31,90.3
00-0023252,40-49,35,44,79.5
00-0023252,50-59,11,18,61.1
00-0023252,60+,0,0,
00-0023482,<30,4,5,80.0
00-0023482,30-39,6,8,75.0
00-0023482,40-49,2,3,66.7
00-0023482,50-59,0,0,
00-0023482,60+,0,0,
00-0023853,<30,34,34,100.0
00-0023853,30-39,36,40,90.0
00-0023853,40-49,28,39,71.8
00-0023853,50-59,34,44,77.3
00-0023853,60+,2,4,50.0
00-0024333,<30,6,7,85.7
00-0024333,30-39,7,8,87.5
00-0024333,40-49,7,13,53.8
00-0024333,50-59,7,8,87.5
00-0024333,60+,0,0,
00-0025565,<30,46,46,100.0
00-0025565,30-39,41,41,100.0
00-0025565,40-49,51,60,85.0
00-0025565,50-59,23,29,79.3
00-0025565,60+,0,0,
00-0025580,<30,29,29,100.0
00-0025580,30-39,37,42,88.1
00-0025580,40-49,22,29,75.9
00-0025580,50-59,10,16,62.5
00-0025580,60+,0,0,
00-0025944,<30,5,6,83.3
00-0025944,30-39,8,9,88.9
00-0025944,40-49,12,14,85.7
00-0025944,50-59,1,4,25.0
00-0025944,60+,0,1,0.0
00-0026858,<30,16,16,100.0
00-0026858,30-39,38,43,88.4
00-0026858,40-49,31,36,86.1
00-0026858,50-59,25,31,80.6
00-0026858,60+,0,0,
00-0026968,<30,35,36,97.2
00-0026968,30-39,30,32,93.8
00-0026968,40-49,28,38,73.7
00-0026968,50-59,4,12,33.3
00-0026968,60+,0,0,
00-0028660,<30,17,17,100.0
00-0028660,30-39,13,14,92.9
00-0028660,40-49,10,15,66.7
00-0028660,50-59,5,8,62.5
00-0028660,60+,0,0,
00-0028787,<30,4,4,100.0
00-0028787,30-39,1,1,100.0
00-0028787,40-49,7,8,87.5
00-0028787,50-59,1,1,100.0
00-0028787,60+,0,0,
00-0029421,<30,23,23,100.0
00-0029421,30-39,34,36,94.4
00-0029421,40-49,33,44,75.0
00-0029421,50-59,7,12,58.3
00-0029421,60+,0,0,
00-0029597,<30,53,53,100.0
00-0029597,30-39,54,55,98.2
00-0029597,40-49,56,66,84.8
00-0029597,50-59,27,40,67.5
00-0029597,60+,1,5,20.0
00-0029621,<30,35,35,100.0
00-0029621,30-39,58,63,92.1
00-0029621,40-49,47,62,75.8
00-0029621,50-59,21,37,56.8
00-0029621,60+,1,3,33.3
00-0029822,<30,35,37,94.6
00-0029822,30-39,42,46,91.3
00-0029822,40-49,50,55,90.9
00-0029822,50-59,34,51,66.7
00-0029822,60+,1,6,16.7
00-0030098,<30,34,36,94.4
00-0030098,30-39,41,44,93.2
00-0030098,40-49,50,64,78.1
00-0030098,50-59,18,28,64.3
00-0030098,60+,0,0,
00-0030332,<30,29,29,100.0
00-0030332,30-39,23,26,88.5
00-0030332,40-49,19,26,73.1
00-0030332,50-59,13,24,54.2
00-0030332,60+,3,3,100.0
00-0030850,<30,6,6,100.0
00-0030850,30-39,5,7,71.4
00-0030850,40-49,13,14,92.9
00-0030850,50-59,1,1,100.0
00-0030850,60+,0,0,
00-0031136,<30,48,48,100.0
00-0031136,30-39,44,46,95.7
00-0031136,40-49,48,59,81.4
00-0031136,50-59,36,41,87.8
00-0031136,60+,0,2,0.0
00-0031203,<30,36,36,100.0
00-0031203,30-39,39,41,95.1
00-0031203,40-49,41,51,80.4
00-0031203,50-59,22,29,75.9
00-0031203,60+,0,1,0.0
00-0031385,<30,1,2,50.0
00-0031385,30-39,3,4,75.0
00-0031385,40-49,2,5,40.0
00-0031385,50-59,2,2,100.0
00-0031385,60+,0,0,
00-0031492,<30,31,31,100.0
00-0031492,30-39,59,64,92.2
00-0031492,40-49,45,55,81.8
00-0031492,50-59,28,38,73.7
00-0031492,60+,1,3,33.3
00-0031543,<30,0,0,
00-0031543,30-39,2,3,66.7
00-0031543,40-49,4,5,80.0
00-0031543,50-59,1,1,100.0
00-0031543,60+,0,0,
00-0032065,<30,0,0,
00-0032065,30-39,0,0,
00-0032065,40-49,0,0,
00-0032065,50-59,0,0,
00-0032065,60+,0,1,0.0
00-0032087,<30,12,12,100.0
00-0032087,30-39,11,11,100.0
00-0032087,40-49,9,11,81.8
00-0032087,50-59,6,8,75.0
00-0032087,60+,0,0,
00-0032569,<30,36,37,97.3
00-0032569,30-39,50,54,92.6
00-0032569,40-49,41,51,80.4
00-0032569,50-59,15,25,60.0
00-0032569,60+,1,3,33.3
00-0032669,<30,3,3,100.0
00-0032669,30-39,0,0,
00-0032669,40-49,0,0,
00-0032669,50-59,0,0,
00-0032669,60+,0,0,
00-0032726,<30,44,46,95.7
00-0032726,30-39,54,56,96.4
00-0032726,40-49,30,39,76.9
00-0032726,50-59,35,48,72.9
00-0032726,60+,1,1,100.0
00-0032835,<30,0,0,
00-0032835,30-39,1,2,50.0
00-0032835,40-49,0,0,
00-0032835,50-59,0,0,
00-0032835,60+,0,0,
00-0032870,<30,9,9,100.0
00-0032870,30-39,7,9,77.8
00-0032870,40-49,3,7,42.9
00-0032870,50-59,3,8,37.5
00-0032870,60+,0,0,
00-0033138,<30,7,7,100.0
00-0033138,30-39,13,14,92.9
00-0033138,40-49,8,12,66.7
00-0033138,50-59,4,9,44.4
00-0033138,60+,0,0,
00-0033303,<30,57,58,98.3
00-0033303,30-39,61,66,92.4
00-0033303,40-49,42,47,89.4
00-0033303,50-59,28,40,70.0
00-0033303,60+,2,3,66.7
00-0033702,<30,50,50,100.0
00-0033702,30-39,51,55,92.7
00-0033702,40-49,46,57,80.7
00-0033702,50-59,29,39,74.4
00-0033702,60+,0,1,0.0
00-0033787,<30,42,44,95.5
00-0033787,30-39,58,61,95.1
00-0033787,40-49,41,48,85.4
00-0033787,50-59,20,33,60.6
00-0033787,60+,1,2,50.0
00-0033854,<30,1,1,100.0
00-0033854,30-39,0,0,
00-0033854,40-49,0,0,
00-0033854,50-59,0,0,
00-0033854,60+,0,0,
00-0033862,<30,23,23,100.0
00-0033862,30-39,18,19,94.7
00-0033862,40-49,30,40,75.0
00-0033862,50-59,8,12,66.7
00-0033862,60+,0,0,
00-0034084,<30,25,26,96.2
00-0034084,30-39,24,25,96.0
00-0034084,40-49,32,43,74.4
00-0034084,50-59,5,12,41.7
00-0034084,60+,0,0,
00-0034161,<30,67,68,98.5
00-0034161,30-39,54,56,96.4
00-0034161,40-49,40,51,78.4
00-0034161,50-59,29,40,72.5
00-0034161,60+,0,0,
00-0034173,<30,26,26,100.0
00-0034173,30-39,42,45,93.3
00-0034173,40-49,32,41,78.0
00-0034173,50-59,11,14,78.6
00-0034173,60+,0,0,
00-0034202,<30,0,0,
00-0034202,30-39,0,0,
00-0034202,40-49,0,1,0.0
00-0034202,50-59,0,0,
00-0034202,60+,0,0,
00-0034450,<30,31,31,100.0
00-0034450,30-39,32,33,97.0
00-0034450,40-49,22,31,71.0
00-0034450,50-59,15,27,55.6
00-0034450,60+,1,1,100.0
00-0034648,<30,3,3,100.0
00-0034648,30-39,1,1,100.0
00-0034648,40-49,0,1,0.0
00-0034648,50-59,0,0,
00-0034648,60+,0,0,
00-0034794,<30,40,41,97.6
00-0034794,30-39,50,53,94.3
00-0034794,40-49,50,63,79.4
00-0034794,50-59,32,47,68.1
00-0034794,60+,0,0,
00-0034909,<30,3,3,100.0
00-0034909,30-39,5,5,100.0
00-0034909,40-49,3,4,75.0
00-0034909,50-59,0,0,
00-0034909,60+,0,0,
00-0034913,<30,0,0,
00-0034913,30-39,0,0,
00-0034913,40-49,1,4,25.0
00-0034913,50-59,1,1,100.0
00-0034913,60+,0,0,
00-0034921,<30,1,1,100.0
00-0034921,30-39,3,4,75.0
00-0034921,40-49,1,1,100.0
00-0034921,50-59,0,0,
00-0034921,60+,0,0,
00-0034941,<30,1,1,100.0
00-0034941,30-39,0,0,
00-0034941,40-49,0,1,0.0
00-0034941,50-59,0,0,
00-0034941,60+,0,0,
00-0035042,<30,0,0,
00-0035042,30-39,0,0,
00-0035042,40-49,1,1,100.0
00-0035042,50-59,0,0,
00-0035042,60+,0,1,0.0
00-0035145,<30,16,16,100.0
00-0035145,30-39,27,27,100.0
00-0035145,40-49,25,32,78.1
00-0035145,50-59,4,11,36.4
00-0035145,60+,0,0,
00-0035189,<30,12,12,100.0
00-0035189,30-39,22,23,95.7
00-0035189,40-49,14,17,82.4
00-0035189,50-59,7,11,63.6
00-0035189,60+,0,0,
00-0035192,<30,40,44,90.9
00-0035192,30-39,41,43,95.3
00-0035192,40-49,40,52,76.9
00-0035192,50-59,24,35,68.6
00-0035192,60+,2,6,33.3
00-0035269,<30,42,42,100.0
00-0035269,30-39,60,64,93.8
00-0035269,40-49,47,55,85.5
00-0035269,50-59,28,44,63.6
00-0035269,60+,0,2,0.0
00-0035358,<30,37,37,100.0
00-0035358,30-39,34,35,97.1
00-0035358,40-49,27,41,65.9
00-0035358,50-59,34,41,82.9
00-0035358,60+,0,1,0.0
00-0035758,<30,2,2,100.0
00-0035758,30-39,2,2,100.0
00-0035758,40-49,0,1,0.0
00-0035758,50-59,0,0,
00-0035758,60+,0,0,
00-0035849,<30,15,15,100.0
00-0035849,30-39,16,19,84.2
00-0035849,40-49,15,19,78.9
00-0035849,50-59,2,5,40.0
00-0035849,60+,0,0,
00-0036162,<30,47,49,95.9
00-0036162,30-39,46,53,86.8
00-0036162,40-49,35,48,72.9
00-0036162,50-59,20,26,76.9
00-0036162,60+,1,2,50.0
00-0036168,<30,1,1,100.0
00-0036168,30-39,0,0,
00-0036168,40-49,1,1,100.0
00-0036168,50-59,1,2,50.0
00-0036168,60+,0,0,
00-0036436,<30,2,3,66.7
00-0036436,30-39,6,6,100.0
00-0036436,40-49,2,3,66.7
00-0036436,50-59,0,1,0.0
00-0036436,60+,0,0,
00-0036459,<30,0,0,
00-0036459,30-39,0,0,
00-0036459,40-49,0,0,
00-0036459,50-59,0,1,0.0
00-0036459,60+,0,0,
00-0036469,<30,11,11,100.0
00-0036469,30-39,10,11,90.9
00-0036469,40-49,3,8,37.5
00-0036469,50-59,0,5,0.0
00-0036469,60+,0,0,
00-0036515,<30,0,0,
00-0036515,30-39,1,1,100.0
00-0036515,40-49,0,0,
00-0036515,50-59,0,0,
00-0036515,60+,0,0,
00-0036703,<30,5,5,100.0
00-0036703,30-39,3,3,100.0
00-0036703,40-49,1,1,100.0
00-0036703,50-59,1,1,100.0
00-0036703,60+,0,0,
00-0036816,<30,13,14,92.9
00-0036816,30-39,31,32,96.9
00-0036816,40-49,18,22,81.8
00-0036816,50-59,4,9,44.4
00-0036816,60+,0,0,
00-0036854,<30,27,28,96.4
00-0036854,30-39,31,31,100.0
00-0036854,40-49,28,37,75.7
00-0036854,50-59,27,38,71.1
00-0036854,60+,0,0,
00-0037224,<30,26,26,100.0
00-0037224,30-39,26,26,100.0
00-0037224,40-49,27,29,93.1
00-0037224,50-59,17,22,77.3
00-0037224,60+,0,0,
00-0037542,<30,3,3,100.0
00-0037542,30-39,3,3,100.0
00-0037542,40-49,4,5,80.0
00-0037542,50-59,1,1,100.0
00-0037542,60+,0,0,
00-0037606,<30,1,1,100.0
00-0037606,30-39,2,3,66.7
00-0037606,40-49,0,0,
00-0037606,50-59,0,0,
00-0037606,60+,0,0,
00-0037645,<30,1,1,100.0
00-0037645,30-39,1,1,100.0
00-0037645,40-49,0,0,
00-0037645,50-59,0,0,
00-0037645,60+,0,0,
00-0037692,<30,13,13,100.0
00-0037692,30-39,22,26,84.6
00-0037692,40-49,18,20,90.0
00-0037692,50-59,21,22,95.5
00-0037692,60+,3,5,60.0
00-0038097,<30,10,10,100.0
00-0038097,30-39,11,15,73.3
00-0038097,40-49,7,11,63.6
00-0038097,50-59,5,8,62.5
00-0038097,60+,0,1,0.0
00-0038152,<30,8,8,100.0
00-0038152,30-39,3,3,100.0
00-0038152,40-49,2,6,33.3
00-0038152,50-59,2,3,66.7
00-0038152,60+,0,0,
00-0038402,<30,11,11,100.0
00-0038402,30-39,16,16,100.0
00-0038402,40-49,9,16,56.2
00-0038402,50-59,6,7,85.7
00-0038402,60+,0,1,0.0
00-0038562,<30,17,17,100.0
00-0038562,30-39,14,15,93.3
00-0038562,40-49,11,20,55.0
00-0038562,50-59,9,15,60.0
00-0038562,60+,0,0,
00-0038567,<30,10,10,100.0
00-0038567,30-39,16,18,88.9
00-0038567,40-49,12,21,57.1
00-0038567,50-59,6,8,75.0
00-0038567,60+,0,0,
00-0038905,<30,14,16,87.5
00-0038905,30-39,16,17,94.1
00-0038905,40-49,15,18,83.3
00-0038905,50-59,12,16,75.0
00-0038905,60+,0,1,0.0
00-0039172,<30,4,4,100.0
00-0039172,30-39,10,10,100.0
00-0039172,40-49,7,8,87.5
00-0039172,50-59,6,7,85.7
00-0039172,60+,0,1,0.0
00-0039404,<30,5,5,100.0
00-0039404,30-39,7,8,87.5
00-0039404,40-49,5,7,71.4
00-0039404,50-59,8,11,72.7
00-0039404,60+,0,0,
00-0039409,<30,8,8,100.0
00-0039409,30-39,6,6,100.0
00-0039409,40-49,8,9,88.9
00-0039409,50-59,5,6,83.3
00-0039409,60+,0,0,
00-0039576,<30,2,2,100.0
00-0039576,30-39,1,1,100.0
00-0039576,40-49,2,2,100.0
00-0039576,50-59,0,0,
00-0039576,60+,0,0,
00-0039649,<30,4,4,100.0
00-0039649,30-39,3,4,75.0
00-0039649,40-49,5,9,55.6
00-0039649,50-59,0,1,0.0
00-0039649,60+,0,0,
00-0039750,<30,10,11,90.9
00-0039750,30-39,12,13,92.3
00-0039750,40-49,5,7,71.4
00-0039750,50-59,6,7,85.7
00-0039750,60+,0,0,
00-0039934,<30,0,0,
00-0039934,30-39,1,1,100.0
00-0039934,40-49,0,0,
00-0039934,50-59,0,0,
00-0039934,60+,0,0,
